门店名称,服务中心,备注
东莞市合悦汽车销售服务有限公司,唯普东莞服务中心,
东莞市渝州长安汽车销售有限公司（旧）,唯普东莞服务中心,
深圳市盛世开元汽车销售有限公司坪山区分公司-比亚迪,唯普深圳服务中心,
东莞比亚迪盛世路骐汽车销售有限公司-比亚迪,唯普东莞服务中心,
深圳市圳捷汽车贸易有限公司,唯普深圳服务中心,
东莞市合瑞汽车销售服务有限公司,唯普东莞服务中心,
惠州市瑞迪汽车有限公司-比亚迪,唯普惠州交付中心,
深圳市广物骏腾汽车销售服务有限公司,唯普深圳服务中心,
深圳市广物正通达汽车贸易有限公司,唯普深圳服务中心,
惠州市惠迪汽车贸易有限公司-比亚迪,唯普惠州交付中心,
东莞市捷达通贸易有限公司,唯普东莞服务中心,
惠州市惠迪新能源汽车有限公司-比亚迪,惠州服务中心,
惠州市悦景汽车贸易有限公司-比亚迪,唯普惠州交付中心,
深圳市龙南汽车贸易有限公司-比亚迪,唯普深圳服务中心,
东莞市俊丽驱动汽车销售有限公司,唯普东莞服务中心,
东莞市合信汽车销售服务有限公司,唯普东莞服务中心,
东莞市合禾汽车销售服务有限公司,唯普东莞服务中心,
理想汽车广东交付中心,唯普东莞服务中心,
惠州市辉达丰瑞汽车有限公司,唯普惠州交付中心,
惠州市辉达惠众汽车有限公司,唯普惠州交付中心,
东莞神州腾达汽车有限公司,唯普东莞服务中心,
深圳广物君奥汽车销售服务有限公司,唯普深圳服务中心,
东莞松悦科技有限公司-比亚迪,唯普东莞服务中心,
东莞市俊丽汽车销售服务有限公司,唯普东莞服务中心,
东莞市盛途汽车贸易有限公司,唯普东莞服务中心,
东莞市广物正通达汽车贸易有限公司-寮步,唯普东莞服务中心,
东莞市广物东捷汽车销售服务有限公司虎门分公司,唯普东莞服务中心,
惠州辉达迪汽车有限公司-比亚迪,唯普惠州交付中心,
惠州市辉达投资有限公司,唯普惠州交付中心,
东莞市广物东捷汽车销售服务有限公司樟木头分公司,唯普东莞服务中心,
东莞鸿粤益嘉汽车销售服务有限公司,唯普东莞服务中心,
深圳浩迪汽车销售服务有限公司-比亚迪,唯普深圳服务中心,
深圳市广物兴奥汽车销售服务有限公司,唯普深圳服务中心,
惠州市辉达惠吉汽车有限公司,唯普惠州交付中心,
惠州市辉达智豹汽车有限公司,唯普惠州交付中心,
东莞市广物东捷汽车销售服务有限公司,唯普东莞服务中心,
绍兴海迪汽车销售有限公司-比亚迪,唯普东莞服务中心,
东莞市津丰汽车贸易有限公司,唯普东莞服务中心,
惠州市新环怡汽车有限公司-比亚迪,唯普惠州交付中心,
惠州市辉达实业有限公司,唯普惠州交付中心,
东莞市俊艺汽车销售服务有限公司-GXP,唯普东莞服务中心,
深圳市誉联信息科技有限公司,唯普深圳服务中心,
东莞粤宝汽车销售有限公司,唯普东莞服务中心,
东莞市捷达通贸易有限公司（旧）,唯普东莞服务中心,
东莞市聚星汽车销售服务有限公司-比亚迪,唯普东莞服务中心,
惠州辉达瑞汽车有限公司-比亚迪,唯普惠州交付中心,
惠州市辉达星悦二手车交易服务有限公司,唯普惠州交付中心,
东莞市广物东捷汽车销售服务有限公司南城分公司,唯普东莞服务中心,
惠州市辉达智坦汽车有限公司,唯普惠州交付中心,
东莞市广物东捷汽车销售服务有限公司东城分公司,唯普东莞服务中心,
惠州优之杰汽车销售服务有限公司,唯普惠州交付中心,
东莞市广物正安汽车贸易有限公司,唯普东莞服务中心,
深圳市沙井奔爵销售服务有限公司,唯普深圳服务中心,
惠州市辉达瑞众汽车有限公司,唯普惠州交付中心,
东莞永佳中通汽车服务有限公司,唯普东莞服务中心,
惠州市智克汽车有限公司,唯普惠州交付中心,
惠州市辉达鑫迪汽车有限公司,唯普惠州交付中心,
惠州市辉达惠瑞汽车有限公司,唯普惠州交付中心,
惠州市智迪汽车有限公司,唯普惠州交付中心,
惠州市佳凯汽车销售服务有限公司（旧）,唯普惠州交付中心,
惠州市辉达星瑞汽车有限公司,唯普惠州交付中心,
东莞市骏擎汽车有限公司,唯普东莞服务中心,
东莞市鑫泰源汽车销售有限公司-比亚迪,唯普东莞服务中心,
惠州辉达欧汽车有限公司,唯普惠州交付中心,
理想汽车广东交付中心（旧）,唯普东莞服务中心,
深圳市宝安大兴丰田汽车销售服务有限公司,唯普深圳服务中心,
惠州市兴亿达汽车销售服务有限公司,唯普惠州交付中心,
东莞市奥利汽车销售服务有限公司,唯普东莞服务中心,
惠州市辉达荣威汽车有限公司,唯普惠州交付中心,
深圳奥吉通汽车销售服务有限公司,唯普深圳服务中心,
深圳市车源达贸易有限公司,唯普深圳服务中心,
惠州市悦景新能源汽车有限公司-比亚迪,唯普惠州交付中心,
惠州市金源汽车贸易有限公司-比亚迪,唯普惠州交付中心,
东莞市俊兴汽车销售服务有限公司,唯普东莞服务中心,
东莞东风南方汽车销售服务有限公司厚街分公司,唯普东莞服务中心,
高安华祺汽车销售服务有限公司,唯普深圳服务中心,
东莞市俊丰汽车销售服务有限公司-GXP,唯普东莞服务中心,
深圳东风南方华盛汽车销售服务有限公司,唯普深圳服务中心,
惠州辉达阳汽车有限公司-比亚迪,唯普惠州交付中心,
深圳东风南方汽车销售服务有限公司龙岗分公司,唯普深圳服务中心,
深圳东风南方汽车销售服务有限公司龙华分公司,唯普深圳服务中心,
深圳华明汽车销售服务有限公司,唯普深圳服务中心,
海丰县富嘉名车二手车销售行,唯普东莞服务中心,
深圳市标域汽车有限公司,唯普深圳服务中心,
深圳市东风南方实业集团有限公司,唯普深圳服务中心,
深圳东风南方华瑞汽车销售服务有限公司福田分公司,唯普深圳服务中心,
高安市华和汽车贸易有限公司,唯普深圳服务中心,
深圳广物君奥汽车销售服务有限公司（旧）,唯普深圳服务中心,
深圳市盈顺汽车服务有限公司,唯普深圳服务中心,
深圳东风南方汽车销售服务有限公司宝安分公司,唯普深圳服务中心,
东莞市合宝汽车销售服务有限公司,唯普东莞服务中心,
龙南汽车科技（深圳）有限公司-比亚迪,唯普深圳服务中心,
东莞市汇京长海汽车销售服务有限公司,唯普东莞服务中心,
惠州市通利华实业有限公司,唯普惠州交付中心,
惠州市南菱君达汽车销售有限公司,唯普惠州交付中心,
深圳东风南方汽车销售服务有限公司横岗分公司-启辰,唯普深圳服务中心,
广东唯普汽车科技股份有限公司-东莞服务,唯普东莞服务中心,
深圳市鑫业迪汽车销售服务有限公司-比亚迪,唯普深圳服务中心,
东莞市金裕汽车销售服务有限公司-比亚迪,唯普东莞服务中心,
深圳市龙骏汽车科技有限公司-比亚迪,唯普深圳服务中心,
深圳东风南方汽车销售服务有限公司福永分公司,唯普深圳服务中心,
东莞市周通泰汽车贸易有限公司-比亚迪,唯普东莞服务中心,
深圳市启鑫汽车销售服务有限公司-比亚迪,唯普深圳服务中心,
惠州市意达汽车贸易有限公司（斯巴鲁）,唯普惠州交付中心,
深圳市龙西汽车科技有限公司-比亚迪,唯普深圳服务中心,
惠州市辉达惠领汽车有限公司,唯普惠州交付中心,
广州市享车会汽车贸易有限公司,唯普东莞服务中心,
深圳金环怡投资有限公司-比亚迪,唯普深圳服务中心,
惠州市辉达惠柯汽车有限公司,唯普惠州交付中心,
东莞市世奥汽车销售服务有限公司,唯普东莞服务中心,
深圳市大兴宝德汽车销售服务有限公司,唯普深圳服务中心,
东莞市世沃汽车销售服务有限公司,唯普东莞服务中心,
深圳市安进誉隆汽车销售服务有限公司,唯普深圳服务中心,
深圳市新诚恒贸易有限公司,唯普深圳服务中心,
深圳市聚源汽贸有限公司,唯普深圳服务中心,
广东荣洲汽车销售服务有限公司,唯普东莞服务中心,
深圳瀚迪汽车销售服务有限公司-比亚迪,唯普深圳服务中心,
东莞市佰胜汽车销售服务有限公司,唯普东莞服务中心,
深圳市兰博万汽车贸易有限公司,唯普深圳服务中心,
深圳市创信汽车贸易有限公司,唯普深圳服务中心,
东莞市骏捷汽车贸易有限公司,唯普东莞服务中心,
深圳怡悦宝致汽车销售服务有限公司,唯普深圳服务中心,
东莞市聚成汽车技术服务有限公司,唯普东莞服务中心,
东莞市新标汽车贸易有限公司,唯普东莞服务中心,
惠州市极达汽车有限公司,唯普惠州交付中心,
广东唯普汽车科技股份有限公司-深圳服务,唯普深圳服务中心,
深圳市跃驰汽车贸易有限公司,唯普深圳服务中心,
东莞市万佳友汽车贸易有限公司,唯普东莞服务中心,
惠州市辉达智行汽车有限责任公司,唯普惠州交付中心,
深圳市新融合汽车销售服务有限公司-比亚迪,唯普深圳服务中心,
广东唯普汽车科技股份有限公司-深圳委拍,唯普深圳服务中心,
深圳市宏睿汽车销售服务有限公司,唯普深圳服务中心,
深圳市众睿实业发展有限公司,唯普深圳服务中心,
深圳市宏睿祥汽车销售服务有限公司,唯普深圳服务中心,
东莞市名汇汽车有限公司,唯普东莞服务中心,
东莞市渝州长安汽车销售有限公司,唯普东莞服务中心,
广东唯普汽车科技股份有限公司-惠州,唯普惠州交付中心,
惠州市辉达奥捷汽车有限责任公司,唯普惠州交付中心,
广东唯普汽车科技股份有限公司-东莞,唯普东莞服务中心,
东莞市广物正通达汽车贸易有限公司东城分公司,唯普东莞服务中心,
深圳市鹏爵汽车贸易有限公司,唯普深圳服务中心,
深圳市众睿祥实业发展有限公司,唯普深圳服务中心,
玉林市可与汽车销售有限公司,唯普深圳服务中心,
东莞浩迪汽车销售服务有限公司-比亚迪,唯普东莞服务中心,
深圳市宏睿信汽车销售有限公司二手车,唯普深圳服务中心,
惠东县宝瑞达汽车贸易有限公司,唯普惠州交付中心,
东莞市新汇汽车有限公司,唯普东莞服务中心,
惠州市辉达智博汽车有限公司,唯普惠州交付中心,
深圳市大兴宝丰汽车有限公司,唯普深圳服务中心,
深圳市众祥实业发展有限公司,唯普深圳服务中心,
深圳市众祥睿汽车销售服务有限公司,唯普深圳服务中心,
深圳市宏裕汽车销售服务有限公司,唯普深圳服务中心,
东莞市广物上通汽车销售服务有限公司,唯普东莞服务中心,
深圳市大兴观澜丰田汽车销售服务有限公司,唯普深圳服务中心,
东莞市广物正通达汽车贸易有限公司南城分公司,唯普东莞服务中心,
东莞市俊汇汽车有限公司,唯普东莞服务中心,
东莞市兴汇汽车有限公司,唯普东莞服务中心,
东莞市鸿汇汽车有限公司-比亚迪,唯普东莞服务中心,
深圳市禾泽企业管理有限公司（惠州）,唯普惠州交付中心,
东莞市金汇汽车销售服务有限公司,唯普东莞服务中心,
惠州市金迪汽车销售有限公司,唯普惠州交付中心,
东莞比亚迪卓景汽车销售有限公司-比亚迪,唯普东莞服务中心,
惠州恒瑞达汽车有限公司,唯普惠州交付中心,
深圳方程豹汽车销售有限公司龙岗分公司-比亚迪,唯普深圳服务中心,
深圳市东顺汽车销售服务有限责任公司-比亚迪,唯普深圳服务中心,
深圳新腾势汽车销售有限公司宝安大道分公司-比亚迪,唯普深圳服务中心,
东莞市和昌汽车有限公司,唯普东莞服务中心,
东莞方程豹汽车销售有限公司寮步分公司-比亚迪,唯普东莞服务中心,
深圳腾势汽车销售有限公司-比亚迪,唯普深圳服务中心,
东莞市金美汽车销售服务有限公司,唯普东莞服务中心,
